Species,longitude,latitude
Anolis_chlorocyanus,-71.5697,18.3237
Anolis_chlorocyanus,-68.6148,18.3741
Anolis_chlorocyanus,-70.3341,18.3764
Anolis_chlorocyanus,-70.5034,18.5266
Anolis_chlorocyanus,-68.7198,18.6165
Anolis_chlorocyanus,-68.4105,18.662
Anolis_chlorocyanus,-69.2015,18.7616
Anolis_chlorocyanus,-69.2041,18.7715
Anolis_chlorocyanus,-71.2668,18.8044
Anolis_chlorocyanus,-71.7048,18.853
Anolis_chlorocyanus,-70.3331,18.8551
Anolis_chlorocyanus,-71.6926,18.8737
Anolis_chlorocyanus,-69.026,18.9627
Anolis_chlorocyanus,-68.9028,18.9684
Anolis_chlorocyanus,-69.1153,18.99
Anolis_chlorocyanus,-69.4644,19.0805
Anolis_chlorocyanus,-69.5404,19.0814
Anolis_chlorocyanus,-69.5709,19.0869
Anolis_chlorocyanus,-70.5599,19.1659
Anolis_chlorocyanus,-70.5441,19.1744
Anolis_chlorocyanus,-70.2196,19.235
Anolis_chlorocyanus,-69.6373,19.2391
Anolis_chlorocyanus,-69.5951,19.2456
Anolis_chlorocyanus,-69.553,19.2723
Anolis_chlorocyanus,-71.6671,19.3412
Anolis_chlorocyanus,-69.8191,19.3516
Anolis_chlorocyanus,-71.6357,19.4833
Anolis_chlorocyanus,-70.631,19.5428
Anolis_chlorocyanus,-70.6295,19.5945
Anolis_chlorocyanus,-71.6905,19.6245
Anolis_chlorocyanus,-71.0556,19.6528
Anolis_chlorocyanus,-70.6127,19.6793
Anolis_chlorocyanus,-70.6073,19.6808
Anolis_chlorocyanus,-71.0556,19.6967
Anolis_chlorocyanus,-70.7102,19.7606
Anolis_chlorocyanus,-68.7167,18.1333
Anolis_chlorocyanus,-71.0919,18.1947
Anolis_chlorocyanus,-70.5353,18.2408
Anolis_chlorocyanus,-70.2283,18.2411
Anolis_chlorocyanus,-71.1942,18.2464
Anolis_chlorocyanus,-71.2281,18.2464
Anolis_chlorocyanus,-70.555,18.2825
Anolis_chlorocyanus,-70.1894,18.3006
Anolis_chlorocyanus,-71.5667,18.3167
Anolis_chlorocyanus,-70.9042,18.3228
Anolis_chlorocyanus,-70.8523,18.35
Anolis_chlorocyanus,-70.4911,18.3536
Anolis_chlorocyanus,-68.6086,18.3764
Anolis_chlorocyanus,-70.4256,18.3831
Anolis_chlorocyanus,-68.6054,18.3885
Anolis_chlorocyanus,-70.0785,18.3961
Anolis_chlorocyanus,-70.1044,18.3975
Anolis_chlorocyanus,-71.5833,18.4
Anolis_chlorocyanus,-68.8833,18.4
Anolis_chlorocyanus,-70.0866,18.4039
Anolis_chlorocyanus,-68.9375,18.4117
Anolis_chlorocyanus,-70.1089,18.4125
Anolis_chlorocyanus,-68.9761,18.4164
Anolis_chlorocyanus,-68.9761,18.4164
Anolis_chlorocyanus,-68.9667,18.4167
Anolis_chlorocyanus,-68.9656,18.4175
Anolis_chlorocyanus,-71.1167,18.4333
Anolis_chlorocyanus,-69.9322,18.4436
Anolis_chlorocyanus,-70.1933,18.4436
Anolis_chlorocyanus,-69.096,18.449
Anolis_chlorocyanus,-69.5905,18.45
Anolis_chlorocyanus,-71.0667,18.45
Anolis_chlorocyanus,-69.5915,18.45
Anolis_chlorocyanus,-69.6833,18.45
Anolis_chlorocyanus,-69.6078,18.4506
Anolis_chlorocyanus,-69.6892,18.4514
Anolis_chlorocyanus,-71.0951,18.4539
Anolis_chlorocyanus,-69.9,18.4667
Anolis_chlorocyanus,-69.3111,18.4681
Anolis_chlorocyanus,-69.8967,18.4767
Anolis_chlorocyanus,-69.8967,18.4767
Anolis_chlorocyanus,-71.4267,18.4792
Anolis_chlorocyanus,-70.2335,18.4819
Anolis_chlorocyanus,-69.8533,18.4865
Anolis_chlorocyanus,-69.85,18.5
Anolis_chlorocyanus,-69.85,18.5
Anolis_chlorocyanus,-69.7321,18.5193
Anolis_chlorocyanus,-71.9725,18.527
Anolis_chlorocyanus,-70.5033,18.5281
Anolis_chlorocyanus,-70.4924,18.5325
Anolis_chlorocyanus,-70.5036,18.5333
Anolis_chlorocyanus,-72.3333,18.5333
Anolis_chlorocyanus,-72.3344,18.5383
Anolis_chlorocyanus,-72.3344,18.5383
Anolis_chlorocyanus,-70.5031,18.5436
Anolis_chlorocyanus,-70.5,18.55
Anolis_chlorocyanus,-72.333,18.55
Anolis_chlorocyanus,-70.4975,18.5553
Anolis_chlorocyanus,-69.6859,18.5634
Anolis_chlorocyanus,-69.75,18.5667
Anolis_chlorocyanus,-71.7361,18.5681
Anolis_chlorocyanus,-70.7667,18.5695
Anolis_chlorocyanus,-72,18.5833
Anolis_chlorocyanus,-71.9103,18.5897
Anolis_chlorocyanus,-71.7747,18.6047
Anolis_chlorocyanus,-68.7,18.6167
Anolis_chlorocyanus,-70.45,18.6167
Anolis_chlorocyanus,-68.6933,18.6231
Anolis_chlorocyanus,-68.6892,18.6269
Anolis_chlorocyanus,-70.4528,18.6314
Anolis_chlorocyanus,-71.7744,18.6369
Anolis_chlorocyanus,-70.7607,18.6434
Anolis_chlorocyanus,-72.05,18.65
Anolis_chlorocyanus,-72.0333,18.65
Anolis_chlorocyanus,-72.0906,18.6503
Anolis_chlorocyanus,-72.1442,18.6564
Anolis_chlorocyanus,-72.0909,18.6572
Anolis_chlorocyanus,-72.1241,18.6667
Anolis_chlorocyanus,-68.9069,18.6675
Anolis_chlorocyanus,-72.1712,18.6798
Anolis_chlorocyanus,-71.4667,18.6833
Anolis_chlorocyanus,-72.404,18.7283
Anolis_chlorocyanus,-72.1593,18.7285
Anolis_chlorocyanus,-70.9383,18.7331
Anolis_chlorocyanus,-69.9966,18.7475
Anolis_chlorocyanus,-69.6167,18.75
Anolis_chlorocyanus,-69.0408,18.7658
Anolis_chlorocyanus,-72.5221,18.7718
Anolis_chlorocyanus,-73.0581,18.7792
Anolis_chlorocyanus,-71.2528,18.7815
Anolis_chlorocyanus,-71.8208,18.7989
Anolis_chlorocyanus,-71.821,18.799
Anolis_chlorocyanus,-71.2333,18.8
Anolis_chlorocyanus,-69.4167,18.8
Anolis_chlorocyanus,-73.1,18.8
Anolis_chlorocyanus,-72.9836,18.8061
Anolis_chlorocyanus,-72.8633,18.8286
Anolis_chlorocyanus,-72.8667,18.8333
Anolis_chlorocyanus,-72.0667,18.85
Anolis_chlorocyanus,-72.0833,18.8667
Anolis_chlorocyanus,-70.7392,18.9064
Anolis_chlorocyanus,-72.705,18.9486
Anolis_chlorocyanus,-70.4002,18.9564
Anolis_chlorocyanus,-70.3955,18.9673
Anolis_chlorocyanus,-70.4256,18.9686
Anolis_chlorocyanus,-70.4231,18.9719
Anolis_chlorocyanus,-70.4225,18.9744
Anolis_chlorocyanus,-70.6192,18.9806
Anolis_chlorocyanus,-69.0481,18.9822
Anolis_chlorocyanus,-72.1,18.9833
Anolis_chlorocyanus,-70.4822,19.0336
Anolis_chlorocyanus,-69.3869,19.0494
Anolis_chlorocyanus,-69.6333,19.05
Anolis_chlorocyanus,-69.3856,19.0606
Anolis_chlorocyanus,-70.6378,19.1092
Anolis_chlorocyanus,-70.4042,19.1122
Anolis_chlorocyanus,-70.6439,19.1192
Anolis_chlorocyanus,-71.9997,19.1439
Anolis_chlorocyanus,-70.4333,19.15
Anolis_chlorocyanus,-70.625,19.15
Anolis_chlorocyanus,-72.6081,19.1511
Anolis_chlorocyanus,-70.55,19.1667
Anolis_chlorocyanus,-69.3319,19.2017
Anolis_chlorocyanus,-69.8965,19.2025
Anolis_chlorocyanus,-69.5739,19.2242
Anolis_chlorocyanus,-69.6125,19.2264
Anolis_chlorocyanus,-70.5301,19.2294
Anolis_chlorocyanus,-69.6039,19.2294
Anolis_chlorocyanus,-70.5329,19.2321
Anolis_chlorocyanus,-69.6,19.2333
Anolis_chlorocyanus,-69.3167,19.2333
Anolis_chlorocyanus,-70.5355,19.2346
Anolis_chlorocyanus,-71.5319,19.2422
Anolis_chlorocyanus,-69.5986,19.2425
Anolis_chlorocyanus,-70.5536,19.2444
Anolis_chlorocyanus,-69.4167,19.25
Anolis_chlorocyanus,-69.7833,19.25
Anolis_chlorocyanus,-70.4633,19.2617
Anolis_chlorocyanus,-71.6968,19.2628
Anolis_chlorocyanus,-69.8808,19.2633
Anolis_chlorocyanus,-69.2008,19.2736
Anolis_chlorocyanus,-69.5406,19.3147
Anolis_chlorocyanus,-71.6833,19.3167
Anolis_chlorocyanus,-69.5143,19.3167
Anolis_chlorocyanus,-72.1119,19.3356
Anolis_chlorocyanus,-69.996,19.3771
Anolis_chlorocyanus,-70.5308,19.3933
Anolis_chlorocyanus,-70.5314,19.4075
Anolis_chlorocyanus,-71.6167,19.4076
Anolis_chlorocyanus,-71.141,19.414
Anolis_chlorocyanus,-70.6857,19.45
Anolis_chlorocyanus,-70.7,19.45
Anolis_chlorocyanus,-70.6244,19.4558
Anolis_chlorocyanus,-71.169,19.499
Anolis_chlorocyanus,-72.55,19.5167
Anolis_chlorocyanus,-72.4208,19.52
Anolis_chlorocyanus,-72.2392,19.5256
Anolis_chlorocyanus,-72.1647,19.5756
Anolis_chlorocyanus,-72.2333,19.5833
Anolis_chlorocyanus,-70.5833,19.6
Anolis_chlorocyanus,-73.3333,19.7
Anolis_chlorocyanus,-70.6303,19.7244
Anolis_chlorocyanus,-71.55,19.7576
Anolis_chlorocyanus,-70.5167,19.7667
Anolis_chlorocyanus,-72.3514,19.7669
Anolis_chlorocyanus,-70.6989,19.7947
Anolis_chlorocyanus,-73.3667,19.8167
Anolis_chlorocyanus,-72.5442,19.8397
Anolis_chlorocyanus,-72.7333,20.0167
Anolis_chlorocyanus,-70.117,18.306
Anolis_chlorocyanus,-70.3219,18.3125
Anolis_chlorocyanus,-70.3292,18.3519
Anolis_chlorocyanus,-71.573,18.396
Anolis_chlorocyanus,-71.575,18.397
Anolis_chlorocyanus,-68.891,18.4167
Anolis_chlorocyanus,-69.394,18.444
Anolis_chlorocyanus,-70.5894,18.45
Anolis_chlorocyanus,-70.1892,18.4525
Anolis_chlorocyanus,-69.6161,18.4531
Anolis_chlorocyanus,-71.0825,18.4594
Anolis_chlorocyanus,-70.2402,18.4883
Anolis_chlorocyanus,-69.9981,18.5003
Anolis_chlorocyanus,-70.0111,18.5319
Anolis_chlorocyanus,-70.0133,18.5339
Anolis_chlorocyanus,-70.0996,18.5458
Anolis_chlorocyanus,-72.2667,18.5833
Anolis_chlorocyanus,-71.6456,18.5972
Anolis_chlorocyanus,-71.7792,18.6436
Anolis_chlorocyanus,-70.5036,18.6489
Anolis_chlorocyanus,-71.0654,18.6982
Anolis_chlorocyanus,-68.65,18.76
Anolis_chlorocyanus,-72.1256,18.7656
Anolis_chlorocyanus,-70.3775,18.7689
Anolis_chlorocyanus,-72.0027,18.7814
Anolis_chlorocyanus,-71.5133,18.7894
Anolis_chlorocyanus,-68.648,18.814
Anolis_chlorocyanus,-70.038,18.824
Anolis_chlorocyanus,-68.671,18.844
Anolis_chlorocyanus,-69.25,18.8615
Anolis_chlorocyanus,-71.2776,18.9088
Anolis_chlorocyanus,-69.1106,18.9208
Anolis_chlorocyanus,-72.0526,18.9237
Anolis_chlorocyanus,-72.6603,18.9261
Anolis_chlorocyanus,-71.3,18.95
Anolis_chlorocyanus,-68.866,18.966
Anolis_chlorocyanus,-70.4208,18.9925
Anolis_chlorocyanus,-69.3956,18.9949
Anolis_chlorocyanus,-72.7333,19
Anolis_chlorocyanus,-69.696,19.0014
Anolis_chlorocyanus,-69.385,19.021
Anolis_chlorocyanus,-70.066,19.034
Anolis_chlorocyanus,-72.7715,19.0736
Anolis_chlorocyanus,-70.476,19.149
Anolis_chlorocyanus,-70.5772,19.1592
Anolis_chlorocyanus,-70.3903,19.1739
Anolis_chlorocyanus,-70.589,19.178
Anolis_chlorocyanus,-70.417,19.206
Anolis_chlorocyanus,-69.681,19.251
Anolis_chlorocyanus,-69.7528,19.2517
Anolis_chlorocyanus,-70.8965,19.2651
Anolis_chlorocyanus,-71.555,19.272
Anolis_chlorocyanus,-71.561,19.274
Anolis_chlorocyanus,-69.5531,19.2778
Anolis_chlorocyanus,-71.6167,19.2992
Anolis_chlorocyanus,-71.233,19.501
Anolis_chlorocyanus,-72.4388,19.5164
Anolis_chlorocyanus,-70.6156,19.5542
Anolis_chlorocyanus,-71.7857,19.5681
Anolis_chlorocyanus,-71.8242,19.6333
Anolis_chlorocyanus,-71.8533,19.6333
Anolis_coelestinus,-71.7209,18.1117
Anolis_coelestinus,-71.2744,18.091
Anolis_coelestinus,-71.1662,18.0579
Anolis_coelestinus,-71.1521,17.999
Anolis_coelestinus,-71.0883,18.2018
Anolis_coelestinus,-74.3986,18.3233
Anolis_coelestinus,-74.2167,18.5833
Anolis_coelestinus,-74.1667,18.6333
Anolis_coelestinus,-74.1169,18.6403
Anolis_coelestinus,-74.1167,18.4833
Anolis_coelestinus,-74.1,18.5167
Anolis_coelestinus,-73.9,18.45
Anolis_coelestinus,-73.8833,18.4333
Anolis_coelestinus,-73.8778,18.3606
Anolis_coelestinus,-73.8681,18.3247
Anolis_coelestinus,-73.8681,18.3247
Anolis_coelestinus,-73.8667,18.3167
Anolis_coelestinus,-73.75,18.2
Anolis_coelestinus,-73.65,18.3
Anolis_coelestinus,-73.4,18.2833
Anolis_coelestinus,-73.2333,18.35
Anolis_coelestinus,-73.0867,18.4392
Anolis_coelestinus,-72.9942,18.4178
Anolis_coelestinus,-72.6297,18.5069
Anolis_coelestinus,-72.5372,18.235
Anolis_coelestinus,-72.5308,18.2319
Anolis_coelestinus,-72.417,18.533
Anolis_coelestinus,-72.4,18.5333
Anolis_coelestinus,-72.3333,18.5333
Anolis_coelestinus,-72.2833,18.5167
Anolis_coelestinus,-72.2808,18.5125
Anolis_coelestinus,-72.083,18.3
Anolis_coelestinus,-71.9833,18.2833
Anolis_coelestinus,-71.8444,18.2347
Anolis_coelestinus,-71.7517,18.0336
Anolis_coelestinus,-71.75,18.0333
Anolis_coelestinus,-71.3969,17.7883
Anolis_coelestinus,-71.3667,17.7833
Anolis_coelestinus,-71.2817,18.1072
Anolis_coelestinus,-71.1883,17.955
Anolis_coelestinus,-71.1833,17.9667
Anolis_coelestinus,-71.1706,17.99
Anolis_coelestinus,-71.1,18.2167
Anolis_coelestinus,-74.4233,18.5589
Anolis_coelestinus,-74.1833,18.6333
Anolis_coelestinus,-74.1201,18.4975
Anolis_coelestinus,-74.1,18.5438
Anolis_coelestinus,-74.0333,18.4
Anolis_coelestinus,-73.9667,18.2833
Anolis_coelestinus,-73.9333,18.1167
Anolis_coelestinus,-73.7978,18.6031
Anolis_coelestinus,-73.7494,18.1922
Anolis_coelestinus,-73.7494,18.1922
Anolis_coelestinus,-73.7453,18.6119
Anolis_coelestinus,-73.4,18.2167
Anolis_coelestinus,-73.35,18.2855
Anolis_coelestinus,-73.0742,18.3587
Anolis_coelestinus,-72.8093,18.4333
Anolis_coelestinus,-72.7428,18.4167
Anolis_coelestinus,-72.6458,18.5186
Anolis_coelestinus,-72.6458,18.5186
Anolis_coelestinus,-72.4916,18.235
Anolis_coelestinus,-72.3543,18.2333
Anolis_coelestinus,-72.3471,18.2333
Anolis_coelestinus,-72.3333,18.5
Anolis_coelestinus,-72.2941,18.5064
Anolis_coelestinus,-72.2878,18.4111
Anolis_coelestinus,-72.2779,18.5042
Anolis_coelestinus,-71.9,18.2
Anolis_coelestinus,-71.7275,18.0278
Anolis_coelestinus,-71.7266,18.2564
Anolis_coelestinus,-71.7233,18.0078
Anolis_coelestinus,-71.3881,17.7664
Anolis_coelestinus,-71.293,17.9259
Anolis_coelestinus,-71.2908,17.8492
Anolis_coelestinus,-71.2847,18.0894
Anolis_coelestinus,-71.2847,18.0894
Anolis_coelestinus,-71.2836,18.0908
Anolis_coelestinus,-71.2733,18.1286
Anolis_coelestinus,-71.2731,18.1214
Anolis_coelestinus,-71.2672,17.9013
Anolis_coelestinus,-71.2566,18.0578
Anolis_coelestinus,-71.2183,17.9144
Anolis_coelestinus,-71.2117,18.0894
Anolis_coelestinus,-71.185,18.0039
Anolis_coelestinus,-71.18,18.0128
Anolis_coelestinus,-71.1794,18.1836
Anolis_coelestinus,-71.1683,17.9942
Anolis_coelestinus,-71.1678,17.9903
Anolis_coelestinus,-71.1453,18.2067
Anolis_coelestinus,-71.1439,18.0244
Anolis_coelestinus,-71.0994,18.2061
Anolis_coelestinus,-71.074,18.177
Anolis_coelestinus,-74.3,18.5667
Anolis_coelestinus,-74.1844,18.5407
Anolis_coelestinus,-74.1167,18.4777
Anolis_coelestinus,-74.0192,18.5967
Anolis_coelestinus,-74,18.4667
Anolis_coelestinus,-73.9189,18.4531
Anolis_coelestinus,-73.9,18.4
Anolis_coelestinus,-73.8897,18.4097
Anolis_coelestinus,-73.8538,18.1013
Anolis_coelestinus,-73.8283,18.2892
Anolis_coelestinus,-73.821,18.4112
Anolis_coelestinus,-73.7081,18.1056
Anolis_coelestinus,-73.7081,18.1056
Anolis_coelestinus,-73.7081,18.1056
Anolis_coelestinus,-73.6737,18.3813
Anolis_coelestinus,-73.6444,18.0689
Anolis_coelestinus,-73.6409,18.4065
Anolis_coelestinus,-73.6344,18.4003
Anolis_coelestinus,-73.6322,18.3982
Anolis_coelestinus,-73.6312,18.3972
Anolis_coelestinus,-73.5103,18.5053
Anolis_coelestinus,-73.3333,18.2333
Anolis_coelestinus,-73.2566,18.3607
Anolis_coelestinus,-73.1544,18.3307
Anolis_coelestinus,-73.11,18.4461
Anolis_coelestinus,-73.0867,18.4392
Anolis_coelestinus,-72.9172,18.4028
Anolis_coelestinus,-72.6458,18.19
Anolis_coelestinus,-72.6412,18.4112
Anolis_coelestinus,-72.6108,18.4294
Anolis_coelestinus,-72.5902,18.4755
Anolis_coelestinus,-72.5845,18.3642
Anolis_coelestinus,-72.5806,18.52
Anolis_coelestinus,-72.5583,18.2572
Anolis_coelestinus,-72.4764,18.5392
Anolis_coelestinus,-72.42,18.2244
Anolis_coelestinus,-72.4,18.5333
Anolis_coelestinus,-72.35,18.4833
Anolis_coelestinus,-72.3344,18.5383
Anolis_coelestinus,-72.3283,18.4906
Anolis_coelestinus,-72.3168,18.4847
Anolis_coelestinus,-72.3103,18.4792
Anolis_coelestinus,-72.2822,18.4464
Anolis_coelestinus,-72.2808,18.5125
Anolis_coelestinus,-72.25,18.5167
Anolis_coelestinus,-72.0581,18.235
Anolis_coelestinus,-72.0581,18.235
Anolis_coelestinus,-72.0581,18.235
Anolis_coelestinus,-71.8444,18.2347
Anolis_coelestinus,-71.767,18.181
Anolis_coelestinus,-71.764,18.179
Anolis_coelestinus,-71.757,18.154
Anolis_coelestinus,-71.7481,18.1481
Anolis_coelestinus,-71.65,18.083
Anolis_coelestinus,-71.6428,18.0978
Anolis_coelestinus,-71.6169,18.1189
Anolis_coelestinus,-71.4467,17.8061
Anolis_coelestinus,-71.2819,18.0964
Anolis_coelestinus,-71.28,18.111
Anolis_coelestinus,-71.2714,18.1331
Anolis_coelestinus,-71.2678,18.1342
Anolis_coelestinus,-71.261,18.139
Anolis_coelestinus,-71.2575,17.9631
Anolis_coelestinus,-71.256,18.134
Anolis_coelestinus,-71.255,18.1528
Anolis_coelestinus,-71.2503,18.1131
Anolis_coelestinus,-71.2481,18.1164
Anolis_coelestinus,-71.248,18.167
Anolis_coelestinus,-71.248,18.17
Anolis_coelestinus,-71.2396,18
Anolis_coelestinus,-71.2197,18.0972
Anolis_coelestinus,-71.2189,18.0942
Anolis_coelestinus,-71.2017,18.0328
Anolis_coelestinus,-71.1683,18.135
Anolis_coelestinus,-71.1667,18.0667
Anolis_coelestinus,-71.1667,18.0667
Anolis_coelestinus,-71.1656,18.1611
Anolis_coelestinus,-71.1494,18.1572
Anolis_coelestinus,-71.1441,18.1745
Anolis_coelestinus,-71.0856,18.0969
Anolis_coelestinus,-71.0768,18.1163
Anolis_coelestinus,-71.063,18.158
Anolis_chlorocyanus_0,-71.7158334473,19.3341667327
Anolis_chlorocyanus_0,-72.2158332473,19.5674999727
Anolis_chlorocyanus_0,-69.4075010373,19.0675001727
Anolis_chlorocyanus_0,-70.4325006273,19.2091667827
Anolis_chlorocyanus_0,-71.2575002973,18.7758336227
Anolis_chlorocyanus_0,-72.2408332373,18.5841670327
Anolis_chlorocyanus_0,-71.8491667273,19.6174999527
Anolis_chlorocyanus_0,-71.8491667273,19.6341666127
Anolis_chlorocyanus_0,-69.9491674873,18.4508337527
Anolis_chlorocyanus_0,-71.9991666673,19.1175001527
Anolis_chlorocyanus_0,-71.2241669773,19.4841666727
Anolis_chlorocyanus_0,-68.3908347773,18.6341670127
Anolis_chlorocyanus_0,-70.6325005473,19.4425000227
Anolis_chlorocyanus_0,-70.0991674273,19.0508335127
Anolis_chlorocyanus_0,-69.6991675873,18.4675004127
Anolis_chlorocyanus_0,-70.5158339273,18.3341671327
Anolis_chlorocyanus_0,-69.3658343873,19.0258335227
Anolis_chlorocyanus_0,-70.5908338973,19.5508333127
Anolis_chlorocyanus_0,-72.7074997173,20.0341664527
Anolis_chlorocyanus_0,-69.7241675773,19.2591667627
Anolis_chlorocyanus_0,-70.7491671673,18.9175002327
Anolis_chlorocyanus_0,-70.7741671573,18.6425003427
Anolis_chlorocyanus_0,-71.6908334573,19.6174999527
Anolis_chlorocyanus_0,-70.8575004573,18.3508337927
Anolis_chlorocyanus_0,-71.4575002173,18.4591670827
Anolis_chlorocyanus_0,-69.6658342673,19.0258335227
Anolis_chlorocyanus_0,-70.9325004273,18.7258336427
Anolis_chlorocyanus_0,-70.4075006373,19.1508334727
Anolis_chlorocyanus_0,-71.5825001673,18.4175004327
Anolis_chlorocyanus_0,-70.6991671873,19.7674998927
Anolis_chlorocyanus_0,-71.0325003873,19.6841665927
Anolis_chlorocyanus_0,-71.1825003273,19.5091666627
Anolis_chlorocyanus_0,-72.3991665073,19.5091666627
Anolis_chlorocyanus_0,-71.6908334573,19.2425001027
Anolis_chlorocyanus_0,-71.7908334173,19.5508333127
Anolis_chlorocyanus_0,-73.3658327873,19.7091665827
Anolis_chlorocyanus_0,-71.6658334673,19.2925000827
Anolis_chlorocyanus_0,-70.1158340873,18.3008338127
Anolis_chlorocyanus_0,-71.6158334873,19.5008333327
Anolis_chlorocyanus_0,-70.3991673073,19.1258334827
Anolis_chlorocyanus_0,-71.2991669473,18.9258335627
Anolis_chlorocyanus_0,-72.5408331173,19.5258333227
Anolis_chlorocyanus_0,-69.4158343673,18.9758335427
Anolis_chlorocyanus_0,-70.2075007173,18.2925004827
Anolis_chlorocyanus_0,-70.7658338273,18.5508337127
Anolis_chlorocyanus_0,-71.9658333473,18.5341670527
Anolis_chlorocyanus_0,-71.6241668173,19.4841666727
Anolis_chlorocyanus_0,-70.2575006973,18.5091670627
Anolis_chlorocyanus_0,-70.5491672473,19.1925001227
Anolis_chlorocyanus_0,-69.1658344673,19.2758334227
Anolis_chlorocyanus_0,-69.3658343873,19.0341668527
Anolis_chlorocyanus_0,-71.0908336973,18.4758337427
Anolis_chlorocyanus_0,-69.7075009173,18.5758337027
Anolis_chlorocyanus_0,-70.1075007573,18.5425003827
Anolis_chlorocyanus_0,-69.7658342273,18.5091670627
Anolis_chlorocyanus_0,-70.6491672073,19.1425001427
Anolis_chlorocyanus_0,-71.9491666873,18.5008337327
Anolis_chlorocyanus_0,-70.4491672873,18.5925003627
Anolis_chlorocyanus_0,-70.6325005473,19.5591666427
Anolis_chlorocyanus_0,-69.0658345073,18.9508335527
Anolis_chlorocyanus_0,-70.0825007673,18.4341670927
Anolis_chlorocyanus_0,-71.7908334173,18.6341670127
Anolis_chlorocyanus_0,-69.4158343673,19.2591667627
Anolis_chlorocyanus_0,-70.6741671973,19.7424999027
Anolis_chlorocyanus_0,-69.9658341473,18.4591670827
Anolis_chlorocyanus_0,-70.3658339873,19.1591668027
Anolis_chlorocyanus_0,-71.4908335373,18.7841669527
Anolis_chlorocyanus_0,-71.5325001873,18.7591669627
Anolis_chlorocyanus_0,-71.6741667973,19.2341667727
Anolis_chlorocyanus_0,-71.7158334473,19.2341667727
Anolis_chlorocyanus_0,-70.5575005773,19.6258332827
Anolis_chlorocyanus_0,-70.0658341073,19.0258335227
Anolis_chlorocyanus_0,-69.2158344473,18.8008336127
Anolis_chlorocyanus_0,-72.5241664573,19.5341666527
Anolis_chlorocyanus_0,-71.7075001173,18.5508337127
Anolis_chlorocyanus_0,-71.8408333973,18.8008336127
Anolis_chlorocyanus_0,-71.8408333973,18.7758336227
Anolis_chlorocyanus_0,-70.4741672773,18.3841671127
Anolis_chlorocyanus_0,-72.4241664973,19.4925000027
Anolis_chlorocyanus_0,-70.4325006273,18.6258336827
Anolis_chlorocyanus_0,-69.6908342573,19.2675000927
Anolis_chlorocyanus_0,-69.2825010873,18.4758337427
Anolis_chlorocyanus_0,-71.5325001873,19.2925000827
Anolis_chlorocyanus_0,-70.0491674473,18.5425003827
Anolis_chlorocyanus_0,-72.2574998973,19.5174999927
Anolis_chlorocyanus_0,-71.9908333373,18.5925003627
Anolis_chlorocyanus_0,-71.1741669973,19.4258333627
Anolis_chlorocyanus_0,-70.2241673773,18.4425004227
Anolis_chlorocyanus_0,-72.5574997773,19.5174999927
Anolis_chlorocyanus_0,-70.1741673973,18.3175004727
Anolis_chlorocyanus_0,-70.5825005673,18.4508337527
Anolis_chlorocyanus_0,-71.5491668473,19.7258332427
Anolis_chlorocyanus_0,-71.5575001773,19.7841665527
Anolis_chlorocyanus_0,-71.0408337173,19.6424999427
Anolis_chlorocyanus_0,-69.0325011873,18.7925002827
Anolis_chlorocyanus_0,-69.6325009473,18.7591669627
Anolis_chlorocyanus_0,-71.0325003873,19.7174999127
Anolis_chlorocyanus_0,-71.6741667973,18.8425002627
Anolis_chlorocyanus_0,-70.3075006773,18.8341669327
Anolis_chlorocyanus_0,-69.7075009173,19.0341668527
Anolis_chlorocyanus_0,-71.0658337073,18.7175003127
Anolis_chlorocyanus_0,-70.0575007773,18.4008337727
Anolis_chlorocyanus_0,-69.9741674773,19.3758333827
Anolis_chlorocyanus_0,-70.4908339373,19.2591667627
Anolis_chlorocyanus_0,-69.0158345273,18.9508335527
Anolis_chlorocyanus_0,-70.3658339873,19.1591668027
Anolis_chlorocyanus_0,-71.0658337073,18.7258336427
Anolis_chlorocyanus_0,-69.4325010273,18.8258336027
Anolis_chlorocyanus_0,-70.3075006773,18.2925004827
Anolis_chlorocyanus_0,-72.0658333073,18.8258336027
Anolis_chlorocyanus_0,-69.9491674873,18.4591670827
Anolis_chlorocyanus_0,-72.3158332073,18.5758337027
Anolis_chlorocyanus_0,-71.0908336973,18.7175003127
Anolis_chlorocyanus_0,-71.4991668673,19.2591667627
Anolis_chlorocyanus_0,-70.4825006073,18.5258337227
Anolis_chlorocyanus_0,-69.3741677173,18.9758335427
Anolis_chlorocyanus_0,-70.5491672473,19.1758334627
Anolis_chlorocyanus_0,-70.4825006073,19.7591665627
Anolis_chlorocyanus_0,-71.2658336273,18.7675002927
Anolis_chlorocyanus_0,-71.5491668473,19.2591667627
Anolis_chlorocyanus_0,-69.3575010573,18.4591670827
Anolis_chlorocyanus_0,-71.0825003673,18.4925004027
Anolis_chlorocyanus_0,-70.5658339073,19.1841667927
Anolis_chlorocyanus_0,-72.5741664373,19.8174998727
Anolis_chlorocyanus_0,-71.5825001673,19.2591667627
Anolis_chlorocyanus_0,-70.2491673673,18.4508337527
Anolis_chlorocyanus_0,-71.6991667873,18.8591669227
Anolis_chlorocyanus_0,-72.7241663773,20.0174997927
Anolis_chlorocyanus_0,-71.6825001273,19.3008334127
Anolis_chlorocyanus_0,-71.6575001373,19.3675000527
Anolis_chlorocyanus_0,-69.3158344073,18.4925004027
Anolis_chlorocyanus_0,-70.5908338973,19.1258334827
Anolis_chlorocyanus_0,-69.3908343773,18.4591670827
Anolis_chlorocyanus_0,-71.4408335573,18.7091669827
Anolis_chlorocyanus_0,-70.6408338773,19.6008332927
Anolis_chlorocyanus_0,-69.7241675773,19.0258335227
Anolis_chlorocyanus_0,-70.6658338673,19.4591666827
Anolis_chlorocyanus_0,-71.6408334773,19.3258334027
Anolis_chlorocyanus_0,-71.0658337073,19.6591666027
Anolis_chlorocyanus_0,-69.0741678373,18.4758337427
Anolis_chlorocyanus_0,-69.5408343173,19.2508334327
Anolis_chlorocyanus_0,-70.4325006273,18.6591670027
Anolis_chlorocyanus_0,-70.4658339473,19.2341667727
Anolis_chlorocyanus_0,-71.9491666873,18.5175003927
Anolis_chlorocyanus_0,-71.6325001473,19.2841667527
Anolis_chlorocyanus_0,-70.0241674573,19.3841667127
Anolis_chlorocyanus_0,-68.9325012273,18.6758336627
Anolis_chlorocyanus_0,-68.9491678873,18.4341670927
Anolis_chlorocyanus_0,-69.6575009373,19.2258334427
Anolis_chlorocyanus_0,-68.7158346473,18.6091670227
Anolis_chlorocyanus_0,-70.5158339273,19.1508334727
Anolis_chlorocyanus_0,-68.6991679873,18.5925003627
Anolis_chlorocyanus_0,-69.4075010373,18.8175002727
Anolis_chlorocyanus_0,-73.0908328973,18.8258336027
Anolis_chlorocyanus_0,-69.7325009073,19.2425001027
Anolis_chlorocyanus_0,-70.1241674173,18.5425003827
Anolis_chlorocyanus_0,-72.3658331873,19.7591665627
Anolis_chlorocyanus_0,-69.5658343073,19.2341667727
Anolis_chlorocyanus_0,-71.7825000873,18.6425003427
Anolis_chlorocyanus_0,-70.4491672873,18.3841671127
Anolis_chlorocyanus_0,-72.0741666373,18.9758335427
Anolis_chlorocyanus_0,-70.5991672273,19.6674999327
Anolis_chlorocyanus_0,-70.0991674273,19.0425001827
Anolis_chlorocyanus_0,-69.8325008673,18.5258337227
Anolis_chlorocyanus_0,-71.1241670173,19.4425000227
Anolis_chlorocyanus_0,-70.6075005573,19.5841666327
Anolis_chlorocyanus_0,-71.1325003473,18.4008337727
Anolis_chlorocyanus_0,-70.4575006173,18.4008337727
Anolis_chlorocyanus_0,-71.8908333773,18.5841670327
Anolis_chlorocyanus_0,-69.8741675173,19.2591667627
Anolis_chlorocyanus_0,-69.7241675773,18.4925004027
Anolis_chlorocyanus_0,-69.7575008973,18.6008336927
Anolis_chlorocyanus_0,-71.0825003673,19.7091665827
Anolis_chlorocyanus_0,-70.0491674473,19.0341668527
Anolis_chlorocyanus_0,-70.6325005473,19.5091666627
Anolis_chlorocyanus_0,-70.0741674373,18.5591670427
Anolis_chlorocyanus_0,-70.7325005073,19.7841665527
Anolis_chlorocyanus_0,-70.5908338973,18.4841670727
Anolis_chlorocyanus_0,-69.7158342473,18.4675004127
Anolis_chlorocyanus_0,-70.0575007773,18.8508335927
Anolis_chlorocyanus_0,-71.5908334973,19.2841667527
Anolis_chlorocyanus_0,-71.2325003073,19.4841666727
Anolis_chlorocyanus_0,-68.8825012473,18.4091671027
Anolis_chlorocyanus_0,-72.1074999573,19.3008334127
Anolis_chlorocyanus_0,-69.5658343073,18.4591670827
Anolis_chlorocyanus_0,-72.2408332373,19.6091666227
Anolis_chlorocyanus_0,-70.6241672173,19.5841666327
Anolis_chlorocyanus_0,-70.8825004473,19.2425001027
Anolis_chlorocyanus_0,-70.1741673973,18.4591670827
Anolis_chlorocyanus_0,-69.0991678273,18.9925002027
Anolis_chlorocyanus_0,-71.1158336873,19.4008333727
Anolis_chlorocyanus_0,-70.1491674073,18.3008338127
Anolis_chlorocyanus_0,-71.4908335373,18.8091669427
Anolis_chlorocyanus_0,-71.6325001473,19.4758333427
Anolis_chlorocyanus_0,-69.4908343373,19.2925000827
Anolis_chlorocyanus_0,-71.5241668573,18.7925002827
Anolis_chlorocyanus_0,-71.9908333373,18.6175003527
Anolis_chlorocyanus_0,-70.9575004173,18.7091669827
Anolis_chlorocyanus_0,-72.5408331173,19.8174998727
Anolis_chlorocyanus_0,-71.0741670373,19.7174999127
Anolis_chlorocyanus_0,-70.6408338773,19.0091668627
Anolis_chlorocyanus_0,-73.3491661273,19.6674999327
Anolis_chlorocyanus_0,-71.7491667673,19.5674999727
Anolis_chlorocyanus_0,-68.8991679073,18.9841668727
Anolis_chlorocyanus_0,-71.3241669373,18.9591668827
Anolis_chlorocyanus_0,-72.5991664273,19.1758334627
Anolis_chlorocyanus_0,-72.6574997373,18.9508335527
Anolis_chlorocyanus_0,-70.7408338373,18.6675003327
Anolis_chlorocyanus_0,-68.8741679173,18.4341670927
Anolis_chlorocyanus_0,-69.7075009173,18.5175003927
Anolis_chlorocyanus_0,-70.4741672773,18.6591670027
Anolis_chlorocyanus_0,-69.3491677273,19.2258334427
Anolis_chlorocyanus_0,-70.3741673173,18.9841668727
Anolis_chlorocyanus_0,-70.3658339873,18.8675002527
Anolis_chlorocyanus_0,-70.5991672273,19.6008332927
Anolis_chlorocyanus_0,-68.6575013373,18.8675002527
Anolis_chlorocyanus_0,-71.5158335273,19.2175001127
Anolis_chlorocyanus_0,-70.5075005973,18.4925004027
Anolis_chlorocyanus_0,-70.5075005973,19.2258334427
Anolis_chlorocyanus_0,-70.5908338973,18.9841668727
Anolis_chlorocyanus_0,-71.6908334573,19.5924999627
Anolis_chlorocyanus_0,-69.3075010773,19.2091667827
Anolis_chlorocyanus_0,-71.4491668873,18.7008336527
Anolis_chlorocyanus_0,-72.0824999673,18.6758336627
Anolis_chlorocyanus_0,-69.6241676173,18.4758337427
Anolis_chlorocyanus_0,-69.8741675173,18.5175003927
Anolis_chlorocyanus_0,-71.5575001773,19.3091667427
Anolis_chlorocyanus_0,-71.7575000973,18.6341670127
Anolis_chlorocyanus_0,-71.5991668273,19.3758333827
Anolis_chlorocyanus_0,-71.2241669773,19.5341666527
Anolis_chlorocyanus_0,-70.1158340873,18.4425004227
Anolis_chlorocyanus_0,-69.0908344973,18.9508335527
Anolis_chlorocyanus_0,-72.5908330973,19.1675001327
Anolis_chlorocyanus_0,-69.0908344973,18.9341668927
Anolis_chlorocyanus_0,-69.0408345173,18.7508336327
Anolis_chlorocyanus_0,-71.0491670473,18.4758337427
Anolis_chlorocyanus_0,-70.5158339273,18.2591671627
Anolis_chlorocyanus_0,-71.2741669573,18.8758335827
Anolis_chlorocyanus_0,-70.0908340973,18.5758337027
Anolis_chlorocyanus_0,-72.0241666573,18.6758336627
Anolis_chlorocyanus_0,-71.4741668773,18.6508336727
Anolis_chlorocyanus_0,-70.6241672173,19.4675000127
Anolis_chlorocyanus_0,-71.5908334973,18.3258338027
Anolis_chlorocyanus_0,-72.7074997173,18.9925002027
Anolis_chlorocyanus_0,-72.0824999673,18.8341669327
Anolis_chlorocyanus_0,-69.2491677673,18.8341669327
Anolis_chlorocyanus_0,-68.6658346673,18.8675002527
Anolis_chlorocyanus_0,-73.0491662473,18.7925002827
Anolis_chlorocyanus_0,-70.6408338773,19.5591666427
Anolis_chlorocyanus_0,-72.0824999673,18.9175002327
Anolis_chlorocyanus_0,-72.2408332373,19.5758333027
Anolis_chlorocyanus_0,-72.4074998373,18.7591669627
Anolis_chlorocyanus_0,-71.7491667673,18.5508337127
Anolis_chlorocyanus_0,-72.1074999573,19.3508333927
Anolis_chlorocyanus_0,-73.3158328073,19.7174999127
Anolis_chlorocyanus_0,-70.5741672373,19.5758333027
Anolis_chlorocyanus_0,-70.3825006473,19.2008334527
Anolis_chlorocyanus_0,-72.1491666073,18.6758336627
Anolis_chlorocyanus_0,-69.1075011573,18.4758337427
Anolis_chlorocyanus_0,-70.6908338573,19.7424999027
Anolis_chlorocyanus_0,-71.6491668073,19.5174999927
Anolis_chlorocyanus_0,-69.4158343673,18.7758336227
Anolis_chlorocyanus_0,-70.5991672273,19.6008332927
Anolis_chlorocyanus_0,-71.0575003773,19.7174999127
Anolis_chlorocyanus_0,-70.6408338773,19.7508332327
Anolis_chlorocyanus_1,-70.0741674373,18.3758337827
Anolis_chlorocyanus_1,-68.8825012473,18.9841668727
Anolis_chlorocyanus_1,-69.9241674973,19.2175001127
Anolis_chlorocyanus_1,-71.5658335073,19.7841665527
Anolis_chlorocyanus_1,-70.3658339873,18.7425003027
Anolis_chlorocyanus_1,-70.3325006673,18.3925004427
Anolis_chlorocyanus_1,-70.3741673173,19.0925001627
Anolis_chlorocyanus_1,-73.1074995573,18.8175002727
Anolis_chlorocyanus_1,-70.0991674273,18.5675003727
Anolis_chlorocyanus_1,-70.5158339273,18.5591670427
Anolis_chlorocyanus_1,-71.1825003273,18.2258338427
Anolis_chlorocyanus_1,-70.9158337673,18.7258336427
Anolis_chlorocyanus_1,-72.0158333273,18.6008336927
Anolis_chlorocyanus_1,-69.9991674673,18.5175003927
Anolis_chlorocyanus_1,-71.5825001673,18.3591671227
Anolis_chlorocyanus_1,-69.4158343673,18.4425004227
Anolis_chlorocyanus_1,-71.9658333473,18.5425003827
Anolis_chlorocyanus_1,-72.5741664373,19.5258333227
Anolis_chlorocyanus_1,-70.4241672973,19.1258334827
Anolis_chlorocyanus_1,-69.7658342273,19.2508334327
Anolis_chlorocyanus_1,-69.8991675073,18.5008337327
Anolis_chlorocyanus_1,-71.8075000773,18.6258336827
Anolis_chlorocyanus_1,-69.2825010873,18.4925004027
Anolis_chlorocyanus_1,-71.0741670373,19.6674999327
Anolis_chlorocyanus_1,-71.6241668173,19.4341666927
Anolis_chlorocyanus_1,-69.4075010373,19.0758335027
Anolis_chlorocyanus_1,-71.7075001173,19.5924999627
Anolis_chlorocyanus_1,-70.2741673573,18.4841670727
Anolis_chlorocyanus_1,-70.4825006073,18.6341670127
Anolis_chlorocyanus_1,-71.6575001373,19.3508333927
Anolis_chlorocyanus_1,-70.5825005673,19.5424999827
Anolis_chlorocyanus_1,-72.1324999473,19.3425000627
Anolis_chlorocyanus_1,-72.0908332973,18.8258336027
Anolis_chlorocyanus_1,-70.4158339673,18.6175003527
Anolis_chlorocyanus_1,-69.5991676273,19.0425001827
Anolis_chlorocyanus_1,-72.2741665573,18.5591670427
Anolis_chlorocyanus_1,-68.8825012473,18.4508337527
Anolis_chlorocyanus_1,-70.4158339673,19.0841668327
Anolis_chlorocyanus_1,-71.6825001273,18.8841669127
Anolis_chlorocyanus_1,-70.6241672173,19.1591668027
Anolis_chlorocyanus_1,-70.5158339273,19.1675001327
Anolis_chlorocyanus_1,-70.4491672873,18.3591671227
Anolis_chlorocyanus_1,-70.3908339773,19.1341668127
Anolis_chlorocyanus_1,-71.6908334573,19.3425000627
Anolis_chlorocyanus_1,-70.6741671973,19.7674998927
Anolis_chlorocyanus_1,-70.4908339373,18.6758336627
Anolis_chlorocyanus_1,-69.8991675073,19.1925001227
Anolis_chlorocyanus_1,-72.5408331173,19.5258333227
Anolis_chlorocyanus_1,-72.0991666273,18.6841669927
Anolis_chlorocyanus_1,-73.0074995973,18.8091669427
Anolis_chlorocyanus_1,-69.7325009073,18.5841670327
Anolis_chlorocyanus_1,-69.2741677573,18.8758335827
Anolis_chlorocyanus_1,-70.0158341273,19.3758333827
Anolis_chlorocyanus_1,-71.7075001173,18.8258336027
Anolis_chlorocyanus_1,-72.9991662673,18.7758336227
Anolis_chlorocyanus_1,-73.0824995673,18.8175002727
Anolis_chlorocyanus_1,-71.7991667473,19.5758333027
Anolis_chlorocyanus_1,-70.9158337673,19.2925000827
Anolis_chlorocyanus_1,-70.6075005573,19.4591666827
Anolis_chlorocyanus_1,-70.4241672973,19.1925001227
Anolis_chlorocyanus_1,-70.2075007173,18.4841670727
Anolis_chlorocyanus_1,-69.6575009373,18.5591670427
Anolis_chlorocyanus_1,-70.0575007773,18.3925004427
Anolis_chlorocyanus_1,-69.3991677073,18.4341670927
Anolis_chlorocyanus_1,-71.7075001173,19.2925000827
Anolis_chlorocyanus_1,-71.4991668673,18.6758336627
Anolis_chlorocyanus_1,-71.6241668173,19.4008333727
Anolis_chlorocyanus_1,-71.6991667873,18.9091669027
Anolis_chlorocyanus_1,-72.8991663073,18.8341669327
Anolis_chlorocyanus_1,-71.0325003873,19.6758332627
Anolis_chlorocyanus_1,-70.0325007873,18.5258337227
Anolis_chlorocyanus_1,-68.9991678673,18.4341670927
Anolis_chlorocyanus_1,-71.9908333373,18.5591670427
Anolis_chlorocyanus_1,-70.3741673173,19.1758334627
Anolis_chlorocyanus_1,-72.3824998473,19.7591665627
Anolis_chlorocyanus_1,-70.5075005973,19.3758333827
Anolis_chlorocyanus_1,-70.2408340373,18.4591670827
Anolis_chlorocyanus_1,-71.5991668273,19.2591667627
Anolis_chlorocyanus_1,-69.7908342173,19.2341667727
Anolis_chlorocyanus_1,-71.2741669573,18.8091669427
Anolis_chlorocyanus_1,-70.0241674573,18.5091670627
Anolis_chlorocyanus_1,-71.0575003773,18.7008336527
Anolis_chlorocyanus_1,-71.6075001573,19.4175000327
Anolis_chlorocyanus_1,-70.2408340373,19.2175001127
Anolis_chlorocyanus_1,-71.2991669473,18.9758335427
Anolis_chlorocyanus_1,-69.9741674773,19.3758333827
Anolis_chlorocyanus_1,-70.4158339673,18.3758337827
Anolis_chlorocyanus_1,-71.0908336973,18.4675004127
Anolis_chlorocyanus_1,-69.3575010573,19.0008335327
Anolis_chlorocyanus_1,-71.8408333973,18.7925002827
Anolis_chlorocyanus_1,-70.3491673273,18.3175004727
Anolis_chlorocyanus_1,-73.0241662573,18.7758336227
Anolis_chlorocyanus_1,-70.4241672973,19.0008335327
Anolis_chlorocyanus_1,-72.0908332973,18.6841669927
Anolis_chlorocyanus_1,-70.2241673773,18.2841671527
Anolis_chlorocyanus_1,-69.6741675973,19.0091668627
Anolis_chlorocyanus_1,-69.3991677073,18.7841669527
Anolis_chlorocyanus_1,-72.0991666273,18.7758336227
Anolis_chlorocyanus_1,-70.6408338773,19.7008332527
Anolis_chlorocyanus_1,-70.4408339573,19.2341667727
Anolis_chlorocyanus_1,-69.0575011773,18.7925002827
Anolis_chlorocyanus_1,-70.7075005173,19.7508332327
Anolis_chlorocyanus_1,-68.6408346773,18.8008336127
Anolis_chlorocyanus_1,-69.8908341773,19.1758334627
Anolis_chlorocyanus_1,-71.0325003873,19.6674999327
Anolis_chlorocyanus_1,-70.0075007973,18.8091669427
Anolis_chlorocyanus_1,-71.6408334773,19.3591667227
Anolis_chlorocyanus_1,-70.5825005673,19.1258334827
Anolis_chlorocyanus_1,-71.6158334873,19.4258333627
Anolis_chlorocyanus_1,-69.6491676073,19.0508335127
Anolis_chlorocyanus_1,-69.6325009473,19.2508334327
Anolis_chlorocyanus_1,-70.5075005973,18.2341671727
Anolis_chlorocyanus_1,-70.6491672073,19.6008332927
Anolis_chlorocyanus_1,-69.1991677873,18.7841669527
Anolis_chlorocyanus_1,-71.4658335473,18.7091669827
Anolis_chlorocyanus_1,-72.0408333173,18.9175002327
Anolis_chlorocyanus_1,-70.8825004473,19.2508334327
Anolis_chlorocyanus_1,-70.5908338973,19.4591666827
Anolis_chlorocyanus_1,-69.9741674773,19.3591667227
Anolis_chlorocyanus_1,-68.6908346573,18.6091670227
Anolis_chlorocyanus_1,-72.6158330873,19.1175001527
Anolis_chlorocyanus_1,-71.3158336073,18.9675002127
Anolis_chlorocyanus_1,-72.7241663773,19.0258335227
Anolis_chlorocyanus_1,-69.6825009273,18.5758337027
Anolis_chlorocyanus_1,-71.5741668373,18.4341670927
Anolis_chlorocyanus_1,-70.3741673173,18.7925002827
Anolis_chlorocyanus_1,-69.6408342773,19.0425001827
Anolis_chlorocyanus_1,-70.5908338973,19.6591666027
Anolis_chlorocyanus_1,-70.5075005973,18.5425003827
Anolis_chlorocyanus_1,-69.7491675673,19.2175001127
Anolis_chlorocyanus_1,-72.2074999173,19.5674999727
Anolis_chlorocyanus_1,-69.4325010273,18.8175002727
Anolis_chlorocyanus_1,-72.7324997073,20.0258331227
Anolis_chlorocyanus_1,-70.4491672873,19.1175001527
Anolis_chlorocyanus_1,-72.1574999373,19.6008332927
Anolis_chlorocyanus_1,-71.0575003773,19.7008332527
Anolis_chlorocyanus_1,-72.9991662673,18.7841669527
Anolis_chlorocyanus_1,-70.4741672773,19.1591668027
Anolis_chlorocyanus_1,-69.6075009573,18.7508336327
Anolis_chlorocyanus_1,-72.1574999373,18.6425003427
Anolis_chlorocyanus_1,-72.2574998973,18.5591670427
Anolis_chlorocyanus_1,-70.6325005473,19.4341666927
Anolis_chlorocyanus_1,-71.9991666673,18.5258337227
Anolis_chlorocyanus_1,-69.6325009473,19.0175001927
Anolis_chlorocyanus_1,-69.4158343673,18.4508337527
Anolis_chlorocyanus_1,-70.2158340473,18.4675004127
Anolis_chlorocyanus_1,-70.3575006573,18.8841669127
Anolis_chlorocyanus_1,-70.6491672073,19.5591666427
Anolis_chlorocyanus_1,-69.8408341973,18.4758337427
Anolis_chlorocyanus_1,-73.3574994573,19.7008332527
Anolis_chlorocyanus_1,-72.7408330373,20.0424997827
Anolis_chlorocyanus_1,-69.8658341873,19.1841667927
Anolis_chlorocyanus_1,-71.5158335273,19.7674998927
Anolis_chlorocyanus_1,-71.8908333773,18.5758337027
Anolis_chlorocyanus_1,-71.9658333473,18.5258337227
Anolis_chlorocyanus_1,-72.0908332973,18.6425003427
Anolis_chlorocyanus_1,-71.4575002173,18.6841669927
Anolis_chlorocyanus_1,-71.5908334973,19.3175000727
Anolis_chlorocyanus_1,-72.0574999773,18.6675003327
Anolis_chlorocyanus_1,-68.9158345673,18.4425004227
Anolis_chlorocyanus_1,-72.0991666273,18.7758336227
Anolis_chlorocyanus_1,-70.6575005373,19.7091665827
Anolis_chlorocyanus_1,-70.4908339373,19.1758334627
Anolis_chlorocyanus_1,-70.5658339073,19.1425001427
Anolis_chlorocyanus_1,-71.2991669473,18.9675002127
Anolis_chlorocyanus_1,-70.4741672773,19.2758334227
Anolis_chlorocyanus_1,-69.3575010573,19.0258335227
Anolis_chlorocyanus_1,-70.4325006273,18.3925004427
Anolis_chlorocyanus_1,-70.0991674273,18.5675003727
Anolis_chlorocyanus_1,-69.3241677373,19.2675000927
Anolis_chlorocyanus_1,-71.7658334273,19.5924999627
Anolis_chlorocyanus_1,-70.7408338373,18.5425003827
Anolis_chlorocyanus_1,-70.5325005873,19.2591667627
Anolis_chlorocyanus_1,-70.5991672273,18.4341670927
Anolis_chlorocyanus_1,-70.6491672073,19.7174999127
Anolis_chlorocyanus_1,-69.7825008873,18.5591670427
Anolis_chlorocyanus_1,-68.8908345773,18.6925003227
Anolis_chlorocyanus_1,-72.3824998473,18.7175003127
Anolis_chlorocyanus_1,-71.4158335673,18.4675004127
Anolis_chlorocyanus_1,-68.6325013473,18.7925002827
Anolis_chlorocyanus_1,-71.0575003773,18.7091669827
Anolis_chlorocyanus_1,-72.0074999973,18.5675003727
Anolis_chlorocyanus_1,-71.5575001773,19.2591667627
Anolis_chlorocyanus_1,-68.9575012173,18.4425004227
Anolis_chlorocyanus_1,-71.6491668073,19.3925000427
Anolis_chlorocyanus_1,-69.3908343773,18.4675004127
Anolis_chlorocyanus_1,-70.5241672573,18.6758336627
Anolis_chlorocyanus_1,-69.4241676973,19.0175001927
Anolis_chlorocyanus_1,-72.5241664573,19.8341665327
Anolis_chlorocyanus_1,-71.2075003173,18.8008336127
Anolis_chlorocyanus_1,-68.7325013073,18.6091670227
Anolis_chlorocyanus_1,-70.6075005573,19.6924999227
Anolis_chlorocyanus_1,-72.0741666373,18.8758335827
Anolis_chlorocyanus_1,-70.0575007773,18.8341669327
Anolis_chlorocyanus_1,-68.8408345973,18.9758335427
Anolis_chlorocyanus_1,-69.2825010873,19.2341667727
Anolis_chlorocyanus_1,-72.0741666373,18.9175002327
Anolis_chlorocyanus_1,-69.1075011573,18.9008335727
Anolis_chlorocyanus_1,-70.0408341173,19.0508335127
Anolis_chlorocyanus_1,-71.2575002973,18.9091669027
Anolis_chlorocyanus_1,-70.5658339073,19.3841667127
Anolis_chlorocyanus_1,-70.3325006673,18.3508337927
Anolis_chlorocyanus_1,-70.6325005473,19.1591668027
Anolis_chlorocyanus_1,-70.4075006373,19.1341668127
Anolis_chlorocyanus_1,-73.3658327873,19.8008332127
Anolis_chlorocyanus_1,-72.4074998373,19.4925000027
Anolis_chlorocyanus_1,-69.9075008373,19.1758334627
Anolis_chlorocyanus_1,-68.7325013073,18.6258336827
Anolis_chlorocyanus_1,-69.1241678173,19.0091668627
Anolis_chlorocyanus_1,-70.0075007973,18.4675004127
Anolis_chlorocyanus_1,-72.2158332473,19.5341666527
Anolis_chlorocyanus_1,-71.1491670073,19.5091666627
Anolis_chlorocyanus_1,-72.1074999573,19.3675000527
Anolis_chlorocyanus_1,-69.7491675673,18.4925004027
Anolis_chlorocyanus_1,-69.0908344973,18.9258335627
Anolis_chlorocyanus_1,-72.0408333173,18.6175003527
Anolis_chlorocyanus_1,-70.1408340773,18.4258337627
Anolis_chlorocyanus_1,-72.7074997173,18.9508335527
Anolis_chlorocyanus_1,-69.1158344873,18.9425002227
Anolis_chlorocyanus_1,-68.8491679273,18.9675002127
Anolis_chlorocyanus_1,-71.2741669573,18.7925002827
Anolis_chlorocyanus_1,-69.3075010773,18.4925004027
Anolis_chlorocyanus_1,-71.7825000873,19.5508333127
Anolis_chlorocyanus_1,-70.3741673173,18.9591668827
Anolis_chlorocyanus_1,-69.1075011573,18.4341670927
Anolis_chlorocyanus_1,-69.7825008873,18.5591670427
Anolis_chlorocyanus_1,-68.6575013373,18.6258336827
Anolis_chlorocyanus_1,-70.5408339173,19.2341667727
Anolis_chlorocyanus_1,-72.0324999873,18.8008336127
Anolis_chlorocyanus_1,-69.8325008673,18.4758337427
Anolis_chlorocyanus_1,-69.2241677773,18.8008336127
Anolis_chlorocyanus_1,-71.6658334673,19.3091667427
Anolis_chlorocyanus_1,-68.6658346673,18.8675002527
Anolis_chlorocyanus_1,-71.6491668073,18.6008336927
Anolis_chlorocyanus_1,-71.7575000973,19.5758333027
Anolis_chlorocyanus_1,-71.0991670273,18.1758338627
Anolis_chlorocyanus_1,-70.1658340673,18.2758338227
Anolis_chlorocyanus_1,-71.2491669673,18.8091669427
Anolis_chlorocyanus_1,-69.9158341673,19.2341667727
Anolis_chlorocyanus_1,-71.9991666673,18.5091670627
Anolis_chlorocyanus_1,-71.7075001173,18.5675003727
Anolis_chlorocyanus_1,-71.3075002773,18.9091669027
Anolis_chlorocyanus_1,-70.7075005173,19.7841665527
Anolis_chlorocyanus_1,-69.4408343573,18.8258336027
Anolis_chlorocyanus_1,-68.9825012073,18.4175004327
Anolis_chlorocyanus_1,-71.5075001973,18.7925002827
Anolis_chlorocyanus_1,-69.0408345173,18.7758336227
Anolis_chlorocyanus_1,-70.4658339473,19.0008335327
Anolis_chlorocyanus_1,-70.6825005273,19.4675000127
Anolis_chlorocyanus_1,-71.7408334373,18.5341670527
Anolis_chlorocyanus_1,-68.8991679073,18.6591670027
Anolis_chlorocyanus_1,-71.7158334473,18.8758335827
Anolis_chlorocyanus_1,-69.7075009173,19.0091668627
Anolis_chlorocyanus_1,-70.6075005573,18.9758335427
Anolis_chlorocyanus_1,-69.5991676273,18.7675002927
Anolis_chlorocyanus_1,-70.6325005473,19.1841667927
Anolis_chlorocyanus_1,-70.5908338973,18.9758335427
Anolis_chlorocyanus_1,-71.1575003373,19.4091667027
Anolis_chlorocyanus_1,-70.0575007773,18.8425002627
Anolis_chlorocyanus_1,-70.0658341073,19.0341668527
Anolis_chlorocyanus_1,-69.3825010473,18.9925002027
Anolis_chlorocyanus_1,-70.5408339173,19.2091667827
Anolis_chlorocyanus_1,-68.8908345773,18.4175004327
Anolis_chlorocyanus_1,-71.8491667273,18.7841669527
Anolis_chlorocyanus_1,-69.2241677773,19.2591667627
Anolis_coelestinus_0,-74.0307662773,18.3756003027
Anolis_coelestinus_0,-73.6724330873,18.4172669527
Anolis_coelestinus_0,-72.2891003073,18.4089336227
Anolis_coelestinus_0,-73.8890996673,18.3006003327
Anolis_coelestinus_0,-73.0557666673,18.3672669727
Anolis_coelestinus_0,-74.2890995073,18.5672668927
Anolis_coelestinus_0,-74.0724329273,18.5256002427
Anolis_coelestinus_0,-73.2807665773,18.3506003127
Anolis_coelestinus_0,-72.8141000973,18.4256002827
Anolis_coelestinus_0,-73.8307663573,18.4089336227
Anolis_coelestinus_0,-71.3141006973,17.9006004927
Anolis_coelestinus_0,-72.2807669773,18.4506002727
Anolis_coelestinus_0,-72.0557670673,18.2839336727
Anolis_coelestinus_0,-72.9057667273,18.4089336227
Anolis_coelestinus_0,-74.0224329473,18.4589336027
Anolis_coelestinus_0,-73.3224332273,18.2839336727
Anolis_coelestinus_0,-71.7891005073,18.1422670627
Anolis_coelestinus_0,-72.2641003173,18.4922669227
Anolis_coelestinus_0,-71.3807673373,17.8006005327
Anolis_coelestinus_0,-73.9307663173,18.4422669427
Anolis_coelestinus_0,-73.9224329873,18.4589336027
Anolis_coelestinus_0,-71.9891004273,18.2506003527
Anolis_coelestinus_0,-73.9224329873,18.1256004027
Anolis_coelestinus_0,-74.2890995073,18.6006002127
Anolis_coelestinus_0,-72.6307668373,18.4172669527
Anolis_coelestinus_0,-73.0974333173,18.3839336327
Anolis_coelestinus_0,-71.2974340373,18.0506004327
Anolis_coelestinus_0,-74.0474329373,18.3672669727
Anolis_coelestinus_0,-71.2641007173,17.9672671327
Anolis_coelestinus_0,-73.6307664373,18.3756003027
Anolis_coelestinus_0,-72.5724335273,18.2839336727
Anolis_coelestinus_0,-74.1974328773,18.5339335727
Anolis_coelestinus_0,-73.8557663473,18.0756004227
Anolis_coelestinus_0,-73.3140998973,18.2589336827
Anolis_coelestinus_0,-72.5891001873,18.5339335727
Anolis_coelestinus_0,-71.3141006973,17.8922671627
Anolis_coelestinus_0,-71.7391005273,18.1089337427
Anolis_coelestinus_0,-71.7391005273,18.1089337427
Anolis_coelestinus_0,-72.3557669473,18.4672669327
Anolis_coelestinus_0,-71.7391005273,18.1839337127
Anolis_coelestinus_0,-71.1641007573,18.0756004227
Anolis_coelestinus_0,-71.2057674073,17.9422671427
Anolis_coelestinus_0,-72.6307668373,18.5006002527
Anolis_coelestinus_0,-72.3057669673,18.5089335827
Anolis_coelestinus_0,-74.3140994973,18.5589335627
Anolis_coelestinus_0,-71.1974340773,18.1589337227
Anolis_coelestinus_0,-73.9307663173,18.4839335927
Anolis_coelestinus_0,-73.9307663173,18.4256002827
Anolis_coelestinus_0,-72.8141000973,18.4089336227
Anolis_coelestinus_0,-71.9224337873,18.2256003627
Anolis_coelestinus_0,-74.3974327973,18.5589335627
Anolis_coelestinus_0,-73.8890996673,18.1172670727
Anolis_coelestinus_0,-73.6307664373,18.4172669527
Anolis_coelestinus_0,-74.0390996073,18.4172669527
Anolis_coelestinus_0,-74.1807662173,18.5589335627
Anolis_coelestinus_0,-71.2141007373,18.1922670427
Anolis_coelestinus_0,-73.8640996773,18.3339336527
Anolis_coelestinus_0,-71.2307673973,17.9839337927
Anolis_coelestinus_0,-73.7890997073,18.4172669527
Anolis_coelestinus_0,-73.2807665773,18.3506003127
Anolis_coelestinus_0,-72.0807670573,18.2839336727
Anolis_coelestinus_0,-71.2307673973,17.9422671427
Anolis_coelestinus_0,-72.2641003173,18.5422669027
Anolis_coelestinus_0,-72.5557668673,18.3422669827
Anolis_coelestinus_0,-72.5807668573,18.2756003427
Anolis_coelestinus_0,-73.8890996673,18.4672669327
Anolis_coelestinus_0,-71.7474338573,18.0672670927
Anolis_coelestinus_0,-73.5307664773,18.5006002527
Anolis_coelestinus_0,-71.1474340973,18.0339337727
Anolis_coelestinus_0,-73.7724330473,18.1922670427
Anolis_coelestinus_0,-74.1224329073,18.5506002327
Anolis_coelestinus_0,-71.1974340773,18.0339337727
Anolis_coelestinus_0,-73.0807666573,18.3922669627
Anolis_coelestinus_0,-74.0890995873,18.5089335827
Anolis_coelestinus_0,-71.2641007173,17.9006004927
Anolis_coelestinus_0,-74.0140996173,18.4172669527
Anolis_coelestinus_0,-72.5641001973,18.4839335927
Anolis_coelestinus_0,-73.1640999573,18.3006003327
Anolis_coelestinus_0,-71.6974338773,18.0422671027
Anolis_coelestinus_0,-72.0474337373,18.2589336827
Anolis_coelestinus_0,-72.5891001873,18.4006002927
Anolis_coelestinus_0,-71.6974338773,18.1256004027
Anolis_coelestinus_0,-71.6224339073,18.1422670627
Anolis_coelestinus_0,-73.1557666273,18.3172669927
Anolis_coelestinus_0,-71.3474340173,17.7839338727
Anolis_coelestinus_0,-71.2974340373,17.9506004727
Anolis_coelestinus_0,-71.7391005273,18.2256003627
Anolis_coelestinus_0,-73.0557666673,18.3339336527
Anolis_coelestinus_0,-71.3057673673,18.0839337527
Anolis_coelestinus_0,-73.8640996773,18.0839337527
Anolis_coelestinus_0,-73.6224331073,18.2756003427
Anolis_coelestinus_0,-73.8557663473,18.2922670027
Anolis_coelestinus_0,-73.8224330273,18.3089336627
Anolis_coelestinus_0,-71.2391007273,17.9839337927
Anolis_coelestinus_0,-74.1224329073,18.4922669227
Anolis_coelestinus_0,-73.8724330073,18.4756002627
Anolis_coelestinus_0,-71.1724340873,18.0422671027
Anolis_coelestinus_0,-72.6057668473,18.4672669327
Anolis_coelestinus_0,-71.7474338573,18.1006004127
Anolis_coelestinus_0,-73.7390997273,18.2006003727
Anolis_coelestinus_0,-72.3724336073,18.4756002627
Anolis_coelestinus_0,-72.9391000473,18.4089336227
Anolis_coelestinus_0,-74.3890994673,18.5506002327
Anolis_coelestinus_0,-73.7807663773,18.1839337127
Anolis_coelestinus_0,-73.1974332773,18.3589336427
Anolis_coelestinus_0,-73.8307663573,18.4339336127
Anolis_coelestinus_0,-74.0224329473,18.4506002727
Anolis_coelestinus_0,-74.0140996173,18.5006002527
Anolis_coelestinus_0,-71.6557672273,18.1006004127
Anolis_coelestinus_0,-71.7224338673,18.2506003527
Anolis_coelestinus_0,-74.0807662573,18.5672668927
Anolis_coelestinus_0,-71.2807673773,18.1006004127
Anolis_coelestinus_0,-73.2390999273,18.3422669827
Anolis_coelestinus_0,-73.3557665473,18.2922670027
Anolis_coelestinus_0,-73.0640999973,18.4422669427
Anolis_coelestinus_0,-71.3224340273,17.8422671827
Anolis_coelestinus_0,-71.7641005173,18.2006003727
Anolis_coelestinus_0,-73.0057666873,18.3839336327
Anolis_coelestinus_0,-72.5307668773,18.2589336827
Anolis_coelestinus_0,-72.4641002373,18.5256002427
Anolis_coelestinus_0,-72.5557668673,18.2756003427
Anolis_coelestinus_0,-72.5724335273,18.4922669227
Anolis_coelestinus_0,-71.4391006473,17.8256005227
Anolis_coelestinus_0,-71.7891005073,18.1922670427
Anolis_coelestinus_0,-72.5474335373,18.5339335727
Anolis_coelestinus_0,-72.9641000373,18.4006002927
Anolis_coelestinus_0,-73.9974329573,18.4589336027
Anolis_coelestinus_0,-71.7724338473,18.1339337327
Anolis_coelestinus_0,-71.3057673673,17.9172671527
Anolis_coelestinus_0,-72.6141001773,18.4422669427
Anolis_coelestinus_0,-74.3890994673,18.3256003227
Anolis_coelestinus_0,-72.3224336273,18.5006002527
Anolis_coelestinus_0,-73.9140996573,18.3922669627
Anolis_coelestinus_0,-74.0474329373,18.3756003027
Anolis_coelestinus_0,-73.2057666073,18.3756003027
Anolis_coelestinus_0,-71.2974340373,18.1339337327
Anolis_coelestinus_0,-71.4641006373,17.8006005327
Anolis_coelestinus_0,-74.4224327873,18.5256002427
Anolis_coelestinus_0,-74.1724328873,18.5922668827
Anolis_coelestinus_0,-73.8474330173,18.4089336227
Anolis_coelestinus_0,-73.5390998073,18.5006002527
Anolis_coelestinus_0,-71.2807673773,18.0339337727
Anolis_coelestinus_0,-73.8557663473,18.0672670927
Anolis_coelestinus_0,-73.9057663273,18.3922669627
Anolis_coelestinus_0,-71.2557673873,18.0006004527
Anolis_coelestinus_0,-71.3891006673,17.7922672027
Anolis_coelestinus_0,-71.7641005173,18.2089337027
Anolis_coelestinus_0,-71.3891006673,17.7589338827
Anolis_coelestinus_0,-74.1057662473,18.5089335827
Anolis_coelestinus_0,-71.1724340873,18.0422671027
Anolis_coelestinus_0,-72.4557669073,18.5339335727
Anolis_coelestinus_0,-72.4807668973,18.5339335727
Anolis_coelestinus_0,-73.2474332573,18.3422669827
Anolis_coelestinus_0,-71.8557671473,18.2256003627
Anolis_coelestinus_0,-72.6307668373,18.4256002827
Anolis_coelestinus_0,-71.7224338673,18.0922670827
Anolis_coelestinus_0,-72.4807668973,18.5339335727
Anolis_coelestinus_0,-71.7891005073,18.1589337227
Anolis_coelestinus_0,-73.8807663373,18.3756003027
Anolis_coelestinus_0,-71.7307671973,18.1339337327
Anolis_coelestinus_0,-73.1140999773,18.4339336127
Anolis_coelestinus_0,-72.4307669173,18.2339336927
Anolis_coelestinus_0,-71.1307674373,18.2256003627
Anolis_coelestinus_0,-71.2224340673,18.1339337327
Anolis_coelestinus_0,-71.1807674173,18.1339337327
Anolis_coelestinus_0,-71.9807670973,18.2506003527
Anolis_coelestinus_0,-73.8390996873,18.3756003027
Anolis_coelestinus_0,-71.2057674073,18.0672670927
Anolis_coelestinus_0,-71.8224338273,18.2506003527
Anolis_coelestinus_0,-71.1391007673,18.1922670427
Anolis_coelestinus_0,-71.7224338673,18.2422670227
Anolis_coelestinus_0,-72.3974335973,18.5339335727
Anolis_coelestinus_0,-71.2974340373,17.9006004927
Anolis_coelestinus_0,-72.4557669073,18.2339336927
Anolis_coelestinus_0,-72.2974336373,18.4089336227
Anolis_coelestinus_1,-72.3141002973,18.4339336127
Anolis_coelestinus_1,-71.8807671373,18.2422670227
Anolis_coelestinus_1,-71.1807674173,18.1256004027
Anolis_coelestinus_1,-72.6474334973,18.4922669227
Anolis_coelestinus_1,-74.1224329073,18.5506002327
Anolis_coelestinus_1,-71.2641007173,17.9839337927
Anolis_coelestinus_1,-73.9057663273,18.4422669427
Anolis_coelestinus_1,-71.2724340473,18.0589337627
Anolis_coelestinus_1,-72.3057669673,18.4922669227
Anolis_coelestinus_1,-71.4474339773,17.7922672027
Anolis_coelestinus_1,-71.7057672073,18.2839336727
Anolis_coelestinus_1,-72.5807668573,18.4506002727
Anolis_coelestinus_1,-73.6224331073,18.0672670927
Anolis_coelestinus_1,-71.1557674273,18.2172670327
Anolis_coelestinus_1,-72.5224335473,18.2256003627
Anolis_coelestinus_1,-73.8557663473,18.1339337327
Anolis_coelestinus_1,-73.8807663373,18.3339336527
Anolis_coelestinus_1,-71.6391005673,18.0506004327
Anolis_coelestinus_1,-72.2141003373,18.5089335827
Anolis_coelestinus_1,-71.1807674173,18.0756004227
Anolis_coelestinus_1,-73.0557666673,18.3672669727
Anolis_coelestinus_1,-71.2057674073,18.0839337527
Anolis_coelestinus_1,-71.1391007673,18.2422670227
Anolis_coelestinus_1,-71.2891007073,18.0922670827
Anolis_coelestinus_1,-73.6140997773,18.4089336227
Anolis_coelestinus_1,-72.5807668573,18.5256002427
Anolis_coelestinus_1,-74.2890995073,18.5422669027
Anolis_coelestinus_1,-72.3891002673,18.5256002427
Anolis_coelestinus_1,-71.1974340773,18.1756003827
Anolis_coelestinus_1,-72.6474334973,18.3922669627
Anolis_coelestinus_1,-71.6974338773,18.0256004427
Anolis_coelestinus_1,-73.5390998073,18.5089335827
Anolis_coelestinus_1,-73.8890996673,18.4672669327
Anolis_coelestinus_1,-71.4641006373,17.7756005427
Anolis_coelestinus_1,-71.0807674573,18.1089337427
Anolis_coelestinus_1,-74.3974327973,18.3589336427
Anolis_coelestinus_1,-72.3474336173,18.4756002627
Anolis_coelestinus_1,-71.0807674573,18.1672670527
Anolis_coelestinus_1,-71.3057673673,18.1089337427
Anolis_coelestinus_1,-73.9640996373,18.2839336727
Anolis_coelestinus_1,-72.6057668473,18.3339336527
Anolis_coelestinus_1,-71.1224341073,18.0922670827
Anolis_coelestinus_1,-74.1640995573,18.5172669127
Anolis_coelestinus_1,-73.9224329873,18.3922669627
Anolis_coelestinus_1,-72.5891001873,18.3922669627
Anolis_coelestinus_1,-71.1391007673,18.2422670227
Anolis_coelestinus_1,-72.9391000473,18.4172669527
Anolis_coelestinus_1,-71.2641007173,17.9172671527
Anolis_coelestinus_1,-72.3474336173,18.4922669227
Anolis_coelestinus_1,-71.1724340873,18.1172670727
Anolis_coelestinus_1,-71.0974341173,18.1172670727
Anolis_coelestinus_1,-71.7141005373,18.1256004027
Anolis_coelestinus_1,-71.6974338773,18.2339336927
Anolis_coelestinus_1,-72.5474335373,18.5256002427
Anolis_coelestinus_1,-73.2224332673,18.3339336527
Anolis_coelestinus_1,-73.8640996773,18.1089337427
Anolis_coelestinus_1,-74.1640995573,18.6172668727
Anolis_coelestinus_1,-74.3890994673,18.3506003127
Anolis_coelestinus_1,-74.1557662273,18.6256002027
Anolis_coelestinus_1,-71.7724338473,18.1506003927
Anolis_coelestinus_1,-72.5724335273,18.5339335727
Anolis_coelestinus_1,-72.2891003073,18.4172669527
Anolis_coelestinus_1,-74.1390995673,18.6172668727
Anolis_coelestinus_1,-72.0141004173,18.3006003327
Anolis_coelestinus_1,-71.2474340573,18.1589337227
Anolis_coelestinus_1,-74.1724328873,18.6256002027
Anolis_coelestinus_1,-72.6474334973,18.2089337027
Anolis_coelestinus_1,-73.8474330173,18.3422669827
Anolis_coelestinus_1,-72.2974336373,18.5006002527
Anolis_coelestinus_1,-74.0640995973,18.5506002327
Anolis_coelestinus_1,-71.2641007173,17.9839337927
Anolis_coelestinus_1,-72.6807668173,18.1922670427
Anolis_coelestinus_1,-73.9890996273,18.3006003327
Anolis_coelestinus_1,-73.0557666673,18.3422669827
Anolis_coelestinus_1,-71.2474340573,18.1256004027
Anolis_coelestinus_1,-73.6807664173,18.2922670027
Anolis_coelestinus_1,-73.7890997073,18.4256002827
Anolis_coelestinus_1,-73.9307663173,18.4256002827
Anolis_coelestinus_1,-71.1224341073,18.1672670527
Anolis_coelestinus_1,-71.2557673873,18.1589337227
Anolis_coelestinus_1,-73.8724330073,18.3589336427
Anolis_coelestinus_1,-71.6807672173,18.1089337427
Anolis_coelestinus_1,-73.8974329973,18.4672669327
Anolis_coelestinus_1,-72.6391001673,18.4839335927
Anolis_coelestinus_1,-72.9891000273,18.4089336227
Anolis_coelestinus_1,-73.8974329973,18.3256003227
Anolis_coelestinus_1,-71.2557673873,17.9672671327
Anolis_coelestinus_1,-72.5807668573,18.4256002827
Anolis_coelestinus_1,-71.6557672273,18.1006004127
Anolis_coelestinus_1,-73.0807666573,18.4006002927
Anolis_coelestinus_1,-71.1724340873,18.1172670727
Anolis_coelestinus_1,-73.6557664273,18.4339336127
Anolis_coelestinus_1,-72.2891003073,18.4839335927
Anolis_coelestinus_1,-73.9974329573,18.4672669327
Anolis_coelestinus_1,-71.0807674573,18.1756003827
Anolis_coelestinus_1,-72.4391002473,18.5256002427
Anolis_coelestinus_1,-72.7557667873,18.4006002927
Anolis_coelestinus_1,-72.4974335573,18.2672670127
Anolis_coelestinus_1,-71.7391005273,18.1006004127
Anolis_coelestinus_1,-73.9224329873,18.4006002927
Anolis_coelestinus_1,-73.9640996373,18.3006003327
Anolis_coelestinus_1,-73.3307665573,18.2422670227
Anolis_coelestinus_1,-73.6724330873,18.2922670027
Anolis_coelestinus_1,-73.0391000073,18.3589336427
Anolis_coelestinus_1,-72.5724335273,18.2506003527
Anolis_coelestinus_1,-74.0974329173,18.5422669027
Anolis_coelestinus_1,-74.0974329173,18.5089335827
Anolis_coelestinus_1,-72.2557669873,18.4506002727
Anolis_coelestinus_1,-72.2891003073,18.4839335927
Anolis_coelestinus_1,-74.1390995673,18.5256002427
Anolis_coelestinus_1,-71.7224338673,18.1256004027
Anolis_coelestinus_1,-74.0974329173,18.4672669327
Anolis_coelestinus_1,-71.8724338073,18.2589336827
Anolis_coelestinus_1,-72.4724335673,18.5172669127
Anolis_coelestinus_1,-74.2057662073,18.6339335327
Anolis_coelestinus_1,-71.9641004373,18.3006003327
Anolis_coelestinus_1,-71.2724340473,17.9422671427
Anolis_coelestinus_1,-74.2724328473,18.5672668927
Anolis_coelestinus_1,-71.2891007073,17.9589338027
Anolis_coelestinus_1,-74.2974328373,18.5339335727
Anolis_coelestinus_1,-72.2974336373,18.4339336127
Anolis_coelestinus_1,-71.1974340773,18.1672670527
Anolis_coelestinus_1,-73.6807664173,18.3756003027
Anolis_coelestinus_1,-73.3557665473,18.2839336727
Anolis_coelestinus_1,-71.2057674073,18.0922670827
Anolis_coelestinus_1,-73.9224329873,18.4672669327
Anolis_coelestinus_1,-73.9807662973,18.2922670027
Anolis_coelestinus_1,-71.9224337873,18.2172670327
Anolis_coelestinus_1,-71.1141007773,18.1839337127
Anolis_coelestinus_1,-73.9307663173,18.1339337327
Anolis_coelestinus_1,-71.2307673973,18.0839337527
Anolis_coelestinus_1,-71.3641006773,17.8089338627
Anolis_coelestinus_1,-73.6640997573,18.4172669527
Anolis_coelestinus_1,-73.7307663973,18.2172670327
Anolis_coelestinus_1,-71.4557673073,17.8256005227
Anolis_coelestinus_1,-71.7641005173,18.1339337327
Anolis_coelestinus_1,-72.3724336073,18.5089335827
Anolis_coelestinus_1,-71.2141007373,18.1172670727
Anolis_coelestinus_1,-73.9224329873,18.4839335927
Anolis_coelestinus_1,-73.8640996773,18.1006004127
Anolis_coelestinus_1,-73.8640996773,18.4172669527
Anolis_coelestinus_1,-73.3224332273,18.2506003527
Anolis_coelestinus_1,-71.2474340573,17.8922671627
Anolis_coelestinus_1,-74.1807662173,18.5922668827
Anolis_coelestinus_1,-71.2141007373,18.1256004027
Anolis_coelestinus_1,-71.9891004273,18.2672670127
Anolis_coelestinus_1,-72.3224336273,18.2506003527
Anolis_coelestinus_1,-73.0724333273,18.4256002827
Anolis_coelestinus_1,-73.8474330173,18.3589336427
Anolis_coelestinus_1,-74.4057661273,18.5839335527
Anolis_coelestinus_1,-73.0474333373,18.3589336427
Anolis_coelestinus_1,-72.0974337173,18.2922670027
Anolis_coelestinus_1,-73.5307664773,18.4839335927
Anolis_coelestinus_1,-72.6224335073,18.4839335927
Anolis_coelestinus_1,-71.1474340973,18.1422670627
Anolis_coelestinus_1,-71.3891006673,17.7756005427
Anolis_coelestinus_1,-71.2391007273,17.9589338027
Anolis_coelestinus_1,-71.7307671973,18.2256003627
Anolis_coelestinus_1,-71.3641006773,17.7922672027
Anolis_coelestinus_1,-73.1724332873,18.3089336627
Anolis_coelestinus_1,-71.5974339173,18.1256004027
Anolis_coelestinus_1,-72.3474336173,18.2422670227
Anolis_coelestinus_1,-72.9724333673,18.4256002827
Anolis_coelestinus_1,-71.3224340273,17.8339338527
Anolis_coelestinus_1,-71.0724341273,18.1339337327
Anolis_coelestinus_1,-74.1307662373,18.5006002527
Anolis_coelestinus_1,-74.0474329373,18.5839335527
Anolis_coelestinus_1,-71.3141006973,17.8672671727
Anolis_coelestinus_1,-72.3307669573,18.5422669027
Anolis_coelestinus_1,-71.7641005173,18.1422670627
Anolis_coelestinus_1,-73.1640999573,18.3006003327
Anolis_coelestinus_1,-73.9890996273,18.2589336827
Anolis_coelestinus_1,-71.6807672173,18.0839337527
Anolis_coelestinus_1,-71.9724337673,18.3089336627
Anolis_coelestinus_1,-72.9474333773,18.4172669527
